,,,,,,,,
Pretend you are someone in your market/niche and fill in the answers below.,,,,,,,,
,,,,Dimensions,,,,
"Market's Desire - ""I want to...""",So I can...,So I can,So I can...,Urgency (1-5),Staying Power (1-5),Scope (1-5),,Score
I want to get my life back,Stop living in constant fear and alarm,Be present for my family and the people I care about,Finally feel like myself again,5,5,4,,14
I want to stop feeling controlled by my symptoms,Make plans and keep them without canceling,Travel and do activities I've been avoiding,Live the life I'm actually meant to have,5,5,4,,14
I want the chronic fear/anxiety/panic to stop,Sleep through the night again,Wake up without dread,Feel safe in my own body,5,5,5,,15
I want to understand what's actually wrong with me,Stop the endless doctor visits and tests,Know I'm not broken or uniquely damaged,Have a clear path forward,4,4,5,,13
I want to stop the compulsive researching and checking,Get my time back (not spending hours on my phone),Stop the exhausting mental loop,Actually live instead of just managing,4,4,5,,13
I want to know this will actually end,Stop living in constant uncertainty and doubt,"Make decisions about my future without constant ""what ifs""",Trust that I'm moving toward something real (not just trying another thing that won't work),,,,,0
I want to stop being terrified of my own body/mind,Stop treating every sensation like an emergency,Feel at home in my own body again,Stop being at war with myself,,,,,
I want to know [my specific symptom] can actually be healed,Stop thinking I'm the exception/uniquely broken case,Believe recovery is actually possible for me (not just other people),Stop living like this is permanent and unfixable,,,,,
,,,,,,,,
,,,,,,,,
,,,,,,,,
,,,,,,,,
,,,,,,,,
,,,,,,,,
,,,,,,,,
Market's Desire,What will they tell?,What won't they tell?,What can't they tell?,,,,,
I want relief from my chronic symptoms,"I've tried everything - doctors, specialists, therapy, programs",I'm terrified I'll never get better,"My nervous system is sensitized, not dysregulated",,,,,0
I want to understand what's wrong with me,Nothing has worked long-term,I feel like I'm going crazy,My behaviors are what's keeping the alarm on,,,,,0
I want to stop living in fear,I can't keep living like this,I've lost hope that anything will work,The fear will heal before the symptoms,,,,,0
I want to stop the constant checking and researching,Something must be wrong with my nervous system,I'm ashamed of how much this controls my life,"I need to desensitize, not regulate",,,,,0
I want to be able to live my life again,The medical system has failed me,I'm convinced I'm uniquely broken,"Healing happens through living, not through protocols",,,,,0
,,,,,,,,0
,,,,,,,,0
,,,,,,,,0
,,,,,,,,0