id,idea,room_rationale,awareness_level,urgency,staying_power,scope,hook_fortune_teller,hook_experimenter,hook_teacher,hook_investigator,hook_contrarian
1,"Why you feel worse after good doctor appointments than bad ones","Anyone who's ever left a positive medical appointment feeling inexplicably exhausted will stop. The contradiction is universal — the medical trauma explanation serves the niche.",unaware,5,5,5,"Next time you leave a good appointment and still crash, you'll understand why relief doesn't equal safety in your nervous system.","I started tracking my energy after appointments. The ones with good news wiped me out worse than the scary ones.","Your body spikes symptoms after good appointments because your nervous system spent the entire visit braced for bad news — the relief comes after the bill is paid.","Good appointments cost more energy than bad ones. Your nervous system was in threat mode the whole time, and finding out you're safe doesn't refund what you spent staying ready.","The appointment that went well is the one that wrecked you for three days. That's not irony — that's how threat response works when medical settings are coded as danger."
2,"The specific moment you started performing energy you don't have","Everyone has faked energy to get through something. Strangers relate to the performance; the niche understands why it became permanent.",problem_aware,4,5,5,"You'll keep performing energy until you identify the exact moment pretending became your default. Then you can't unsee it.","I can name the appointment where I started acting more okay than I was. It wasn't conscious — someone looked relieved when I smiled, so I kept smiling.","You started performing energy the first time someone's face changed when you told the truth about how you felt. Their relief became your job.","There's a specific interaction where you learned your real energy level made people uncomfortable. You've been managing their comfort ever since.","You're not tired because of your condition. You're tired because you've been performing a version of yourself that doesn't exist for people who can't handle the real one."
3,"Why rest makes you more tired instead of less","Universal frustration. Everyone has rested and felt worse. The dysregulation explanation connects it to bodies that have been through medical trauma.",unaware,5,4,5,"In six months, you'll understand that rest only works when your nervous system knows you're actually safe. Right now, rest feels like waiting for the next bad thing.","I rested for three days straight and woke up more exhausted. My body wasn't recovering — it was staying ready.","Rest makes you more tired when your nervous system interprets stillness as vulnerability. You're not recharging, you're on high alert with nothing to distract you from it.","Your body reads rest as exposure. No tasks, no performance, nothing between you and the awareness that something could go wrong — so it never actually powers down.","Rest isn't restorative when your body thinks being still makes you an easier target. That's why you feel more wired after a day off than after pushing through."
4,"Why you crash the day after you felt almost normal","The boom-bust cycle is universal. Strangers know the feeling of paying for one good day. The medical-body context explains why it's not just 'overdoing it.'",unaware,5,5,5,"The next time you have one good day and crash for three, you'll see it's not punishment — it's your body equalizing what it spent pretending to be fine.","I tracked six months of good days. Every single one cost me three days after. It wasn't activity level — it was the performance of normal.","You crash after good days because your body spent energy you didn't have maintaining the illusion of capacity. The bill comes due regardless of what you actually did.","The good day wasn't free. You borrowed against a body that doesn't have reserves, and the crash is the invoice for pretending you did.","You didn't overdo it on the good day. You performed normal so convincingly that your body paid the cost of something you didn't actually feel."
5,"The specific lie you tell yourself in the morning that ruins the whole day","Everyone has a morning lie they tell themselves. Strangers relate to self-deception; this audience knows the exact flavor of 'maybe today I'll feel better.'",problem_aware,4,4,5,"Once you identify the exact lie you tell yourself every morning, you'll see how it sets you up to fail by noon.","For two months, I wrote down my first thought every morning. 80% of the time it was 'maybe I'll feel better today' — and that hope was the thing that tanked me.","The lie is 'maybe today will be different.' That hope makes you plan for a body you don't have, and by lunch you're managing the gap between what you expected and what's real.","You wake up and immediately assess whether today might be a good day. That assessment — not your symptoms — is what determines whether you spiral by afternoon.","The most dangerous thought isn't 'I feel terrible.' It's 'maybe I'll feel better later.' That hope makes you borrow against a future that never arrives."
6,"Why you can't remember the last time you felt like yourself","Universal identity crisis post-trauma. Strangers relate to losing themselves; this audience knows it's tied to a body that changed faster than their brain could process.",problem_aware,5,5,4,"You'll realize the version of yourself you're trying to get back to doesn't exist anymore — and that's when you can finally build something new.","I tried to name the last time I felt like myself. I couldn't. Because 'myself' became 'before' and I've been chasing a ghost.","You can't remember feeling like yourself because your identity is still mapped to a body that no longer exists. You're trying to inhabit a blueprint that doesn't match the building.","The 'self' you're trying to get back to was built for a body you don't have. You're not lost — you're trying to run software on incompatible hardware.","You don't miss yourself. You miss the certainty of knowing what your body would do. That's not identity — it's predictability, and you're grieving the wrong thing."
7,"Why you feel guilty for being tired when you 'didn't do anything'","Universal guilt around rest. Everyone has felt lazy for being tired when they weren't 'productive.' The invisible labor explanation serves bodies doing survival work 24/7.",unaware,4,4,5,"You'll stop feeling guilty about being tired when you understand that keeping a compromised body operational is a full-time job with no days off.","I started naming everything my body was doing while I was 'doing nothing.' Turns out, managing organ function with missing parts is actually something.","You're tired because your body is doing the work of systems that no longer exist. Being alive with your specific alterations is the labor — everything else is overtime.","Your body is running compensatory systems around the clock to do what used to be automatic. That's not 'nothing' — that's why you're exhausted by breakfast.","You didn't 'do nothing' today. You kept a restructured body operational for 16 hours. That's the job. Everything else is bonus labor you're judging yourself for not completing."
8,"The exact sentence that made you stop talking about how you really feel","Everyone has been silenced by someone's discomfort. Strangers know the feeling of being too much; this audience knows it happened while actively surviving something.",problem_aware,5,5,5,"Once you remember the exact moment you learned your reality was too heavy for people, you'll see why you've been editing yourself ever since.","Someone said 'at least you're alive' when I tried to explain how hard recovery was. I haven't told the truth about my body since.","You stopped talking about how you feel the moment someone responded to your reality with relief that it wasn't theirs. Their gratitude became your silence.","There's a specific sentence someone said that taught you your experience makes people uncomfortable. You've been managing their comfort by performing fine ever since.","You're not private about your condition. You're protecting other people from having to sit with the reality of what happened to you. That's not boundaries — that's performing for their comfort."
9,"Why strangers treat you like inspiration when you're just trying to exist","Universal frustration of unwanted attention/projection. Strangers know what it's like to be someone's motivation without consent; this audience knows it's about visible medical reality.",problem_aware,4,4,4,"You'll understand why being called inspiring feels like violence once you realize they're celebrating their own relief that they're not you.","A stranger called me inspiring for buying groceries. I wanted to scream. I'm not brave — I'm out of milk.","You're not their inspiration. You're their nightmare made survivable. They need you to be okay so they can believe they would be too.","When strangers call you inspiring, they're processing their own fear of what happened to you. You became their proof that they could handle it — without asking if you are.","Being called inspiring isn't a compliment. It's strangers outsourcing their fear of becoming you by turning your survival into their comfort. You didn't consent to be their evidence."
10,"Why your body feels like it belongs to doctors instead of you","Universal medical trauma. Anyone who's been through extended medical care knows this alienation. The permanent alteration makes it ongoing, not a phase.",problem_aware,5,5,4,"You'll keep feeling like a patient instead of a person until you do one thing in your body that no doctor ordered, tracked, or has an opinion about.","I realized I couldn't name a single thing I do with my body that isn't managing what they did to it. Even rest is medical compliance.","Your body feels like it belongs to doctors because every interaction with it is filtered through what they removed, rerouted, or monitor. You're maintaining their work, not living in yours.","You became the building manager for a structure doctors renovated. Every choice is about maintaining their alterations — you haven't lived in your own body since they restructured it.","Your body doesn't feel like yours because it isn't. It's a post-surgical maintenance project you inherited. Ownership comes from doing something with it that has nothing to do with keeping it running."
11,"Why you're more afraid of good news than bad news now","Counterintuitive but universal for anyone who's been through repeated medical uncertainty. Strangers who've experienced high-stakes waiting know this fear.",problem_aware,4,4,4,"You'll realize you're bracing for good news to be temporary because every time you exhaled before, the next scan proved you shouldn't have.","I noticed I hold my breath when doctors smile now. Good news used to be relief. Now it just means I have more to lose next time.","You're more afraid of good news because hope has a cost when you've learned it doesn't last. Bad news is stable. Good news is waiting for the other shoe.","Good news became dangerous the moment you learned it was provisional. You're not pessimistic — you're protecting yourself from investing in temporary relief.","Bad news doesn't scare you anymore. Good news does. Because bad news you can plan for, but good news asks you to believe in a future you've been trained not to trust."
12,"The specific moment you realized your old life wasn't coming back","Universal before/after trauma marker. Everyone who's experienced permanent change has this moment. The medical specificity makes it cut deeper.",problem_aware,5,5,4,"You'll keep waiting for your old life to restart until you identify the exact moment you realized it was already over. Then you can stop pretending to pause.","I was folding laundry when I realized I'd stopped saying 'when I'm better.' I'd started saying 'with what I have now.' I don't remember deciding to give up.","There's a moment between 'this is temporary' and 'this is permanent' where your brain catches up to your body. That's not when you gave up — that's when you stopped lying to yourself.","Your old life ended at a specific second, but your brain didn't register it until later. You've been living in the gap between when it happened and when you admitted it did.","You're not waiting for your old life to come back. You're avoiding the grief of admitting it already left. The moment you stop pretending you're paused is the moment you can start building."
13,"Why you can't accept compliments anymore","Universal post-trauma response. Strangers know the discomfort of praise feeling wrong. This audience knows it's because the compliment is about survival, not achievement.",problem_aware,3,4,5,"You'll understand why compliments feel like lies once you realize people are praising you for something you didn't choose and don't want credit for.","Someone told me I looked great. I wanted to cry. I'm not great — I'm upright. That's not an accomplishment, it's just Tuesday.","Compliments feel wrong because they're celebrating your survival as if it were a choice. You didn't earn this. You endured it. Those aren't the same thing.","People compliment the version of you that's still standing. You know what it cost to stay upright. Their praise is for the performance, not the price.","You can't accept compliments because they're based on a lie — that being alive means you're doing well. You're not thriving. You're just not dead. Those shouldn't be confused."
14,"Why planning anything feels like setting yourself up for disappointment","Universal anxiety for anyone who's had plans destroyed by circumstances. Strangers relate to fear of commitment; this audience knows their body is the unreliable variable.",unaware,4,4,5,"You'll keep avoiding plans until you separate the disappointment of canceling from the belief that your body is the problem. Your body isn't failing you — your expectations are.","I stopped making plans six months ago. Not because I can't do things — because I can't promise my body will cooperate, and I'm tired of apologizing.","Planning feels like setting yourself up because you're making promises for a body that doesn't operate on a schedule. The disappointment isn't the cancellation — it's expecting predictability from something restructured.","You're not afraid of plans. You're afraid of the gap between what you commit to and what your body allows. That gap has been called 'letting people down' so many times you stopped trying.","The problem isn't your body's unpredictability. It's that you're still using reliability as the measure of worth. Your body isn't failing — your metric is."
15,"Why you feel more alone in crowded rooms than when you're by yourself","Universal loneliness paradox. Strangers know the feeling of being surrounded and isolated. This audience knows it's about being the only one managing invisible severity.",problem_aware,4,4,5,"You'll keep feeling lonely in crowds until you stop waiting for someone to ask the right question. They can't see what they don't know to look for.","I feel less alone at home than at parties. At home, I'm just tired. At parties, I'm the only person in the room counting the minutes until I can leave without explaining.","You feel more alone in crowds because you're the only one tracking your body's limits while performing normalcy. Isolation isn't about being seen — it's about being the only one doing invisible math.","Crowded rooms amplify loneliness because everyone else is operating in a body that just works. You're the only one negotiating every interaction through a filter of what you can't do.","You're not lonely because people don't care. You're lonely because you're the only one in the room living in two realities at once — the social one and the body one. They only see the first."
16,"The specific way you talk about your body that proves you're still angry at it","Universal self-directed anger post-trauma. Strangers relate to hating their body for betrayal. This audience knows the betrayal was surgical, not personal failure.",solution_aware,4,5,4,"You'll keep fighting your body until you catch the exact phrases that prove you're still blaming it for something it didn't choose either.","I noticed I say 'my body won't let me' like it's making a choice. It's not defiant — it's restructured. I'm angry at surgery, not at flesh.","The language you use about your body reveals whether you're negotiating with it or punishing it. 'Won't' implies refusal. 'Can't' acknowledges reality. One keeps you at war.","You say 'my body failed me' but your body survived what was done to it. The failure was the disease. The body is the thing that stayed.","You're not angry at your body. You're angry that it changed without your permission. But your body didn't betray you — it kept you alive through something that tried to kill you. You're mad at the wrong thing."
17,"Why you scrolled past every success story looking for someone like you","Universal media literacy frustration. Strangers know the feeling of not seeing themselves. This audience knows success stories skip the severity that makes their situation different.",solution_aware,5,4,4,"You'll keep scrolling past success stories until you find one where the starting point matches your medical reality. Inspiration only works when severity is comparable.","I've watched a hundred recovery stories. Not one of them starts with missing organs. They all say 'chronic illness' but mean fatigue, not ostomy. I'm still looking.","Success stories don't land when the starting point is softer than yours. You're not cynical — you're looking for proof someone with your level of restructuring is building something, and the 'inspiration' content skips that.","You scroll past success stories because none of them have your medical baseline. They're climbing a hill. You're navigating different terrain entirely. The map doesn't match.","You're not hard to inspire. You're looking for evidence that someone with missing organs is still here and building. Every 'success story' you've seen starts from able-bodied with challenges. That's not your starting line."
18,"Why you feel guilty saying no even when your body is screaming stop","Universal people-pleasing under duress. Strangers relate to saying yes when they should say no. This audience knows the stakes are physical collapse, not just inconvenience.",unaware,4,4,5,"You'll keep saying yes until you realize the guilt of saying no is smaller than the cost of pushing through. One is temporary discomfort. The other is days in bed.","I said yes to coffee even though I knew I'd pay for it. I spent three days recovering. The guilt of saying no felt bigger in the moment than the cost of going. It wasn't.","You feel guilty saying no because somewhere you learned that your limits are negotiable. They're not. Your body isn't being dramatic — you're just calling boundaries complaints.","The guilt of saying no is social. The cost of saying yes is physical. You're treating them like they're equal weight, but one keeps you upright and one keeps you liked.","You don't feel guilty because you're letting people down. You feel guilty because you've been taught that your body's limits are less important than other people's convenience. They're not."
19,"Why your 'before' pictures feel like someone else's life","Universal identity discontinuity. Strangers relate to not recognizing their past self. This audience knows the break wasn't gradual — it was surgical.",problem_aware,4,5,4,"You'll stop mourning your before pictures when you realize that person isn't coming back because she was built for a body that no longer exists.","I looked at photos from three years ago. I don't recognize her. Not because I look different — because she didn't know what was coming, and I can't remember what that felt like.","Your before pictures feel like someone else because they are. That person lived in a body with different infrastructure. You're not worse — you're fundamentally altered, and grief keeps comparing incompatible versions.","The woman in your before pictures had a body you can't return to. You're not looking at who you were — you're looking at the last person who didn't know what you know now.","Your before pictures aren't you. They're evidence of a body that had organs yours doesn't. You're not broken — you're just trying to fit back into blueprints that don't match your current structure."
20,"Why every small win feels like it should be bigger","Universal achievement deflation. Strangers relate to minimizing their progress. This audience knows their wins are measured against an old baseline that's irrelevant now.",solution_aware,4,4,5,"You'll keep dismissing small wins until you realize you're measuring them against a body that doesn't exist. The baseline changed. The win didn't shrink.","I walked ten minutes without crashing. My first thought was 'that's nothing.' Then I remembered I have one kidney and an ostomy. It's not nothing.","Small wins feel insignificant because you're still using your old body as the measuring stick. Ten minutes with your current infrastructure is not the same as ten minutes before. The distance is equal. The effort is not.","You're judging your wins against a body with full organ function. That's not the game you're playing anymore. The win isn't smaller — the playing field changed and you're using the wrong scoreboard.","Your small wins aren't small. You're just measuring them with a ruler designed for a body that had more parts. The achievement didn't shrink — your baseline shifted, and you're refusing to adjust the metric."
21,"Why you can't tell if you're tired or just sad anymore","Universal emotional/physical fatigue confusion. Strangers know the feeling of tangled exhaustion. This audience knows their body rewired emotional processing through survival.",unaware,4,4,5,"You'll stop trying to separate tired from sad when you realize your body processes grief as threat, and threat as fatigue. They're not separate — they're the same system.","I spent a month trying to figure out if I was tired or depressed. Turns out, when your body's been through trauma, emotional pain and physical depletion use the same circuit.","You can't tell tired from sad because your nervous system routes both through the same response. Grief is a stressor. Stress is a body cost. The fatigue isn't separate from the sadness — it's how your body metabolizes it.","Tired and sad feel identical because your body stopped differentiating after treatment. Emotional weight and physical depletion both signal threat, and your system responds to threat with shutdown. You're not confused — you're accurate.","You're not tired or sad. You're both, and they're not separate things in a body that's been restructured. Emotional processing costs physical energy when your baseline is already compromised. Stop splitting them — they're the same bill."
22,"The moment you realized 'getting better' wasn't an option anymore","Universal chronic condition acceptance marker. Strangers who've faced permanence know this threshold. This audience knows it was surgical, not progressive.",problem_aware,5,5,4,"You'll keep chasing 'better' until you hit the day you realize better isn't the same as before, and before isn't accessible. That's when building starts.","I was explaining my limitations to someone and heard myself say 'permanent.' I don't know when I stopped saying 'for now.' That shift happened without permission.","There's a moment when 'getting better' stops meaning recovery and starts meaning adaptation. That's not giving up — that's the first honest conversation you've had with your body since surgery.","You realized 'better' wasn't coming back the day you stopped qualifying your limitations with 'right now.' Permanent happened in a sentence you didn't plan to say.","Getting better isn't the goal. It never was. You're not recovering — you're rebuilding with different materials. The day you stop chasing restoration is the day construction actually starts."
23,"Why everyone's advice makes you feel more broken instead of helped","Universal frustration with unhelpful support. Strangers know what it's like to receive advice that doesn't fit. This audience knows it's because the advice assumes reversibility.",problem_aware,4,4,5,"You'll keep feeling broken by advice until you realize most of it assumes your condition is fixable. It's not dismissive to ignore solutions designed for temporary problems.","Someone told me to try yoga for my fatigue. I have an ostomy and one kidney. Their advice wasn't wrong — it just wasn't built for missing parts.","Advice makes you feel broken because it's written for bodies that are temporarily limited, not permanently restructured. The suggestions aren't bad — they're just for a different game than the one you're playing.","Every piece of advice assumes your baseline is recoverable. Yours isn't. The advice isn't making you feel broken — it's revealing that most support content doesn't account for severity like yours.","The advice isn't wrong. It's just not for you. Most support content assumes reversibility. Your condition is structural. You're not failing the advice — the advice is failing to meet you where your body actually is."
24,"Why you feel like you're faking it even when your limitations are visible","Universal impostor syndrome under disability. Strangers know the feeling of doubting their own experience. This audience knows their evidence is literally external and still doubt.",problem_aware,4,4,4,"You'll keep feeling like a fraud until you realize you're not doubting your limitations — you're doubting whether they're severe enough to justify taking up space.","I have an ostomy bag people can see through my clothes. I still feel like I'm exaggerating when I say I'm disabled. The evidence is visible. The doubt is louder.","You feel like you're faking it because you've internalized the belief that your suffering needs to be constant to be legitimate. You're not performing — you're just having a medium day, and that doesn't erase what's structural.","The doubt isn't about whether your limitations are real. It's about whether they're bad enough to deserve accommodation. You're not questioning your body — you're questioning your right to need what you need.","You're not faking it. You're just not suffering loudly enough to meet the standard you've set for your own validity. Your body is restructured. That's not negotiable, even on days you can function."
25,"Why the hardest part isn't what happened to your body — it's who you became after","Universal identity crisis post-trauma. Strangers relate to not recognizing who they've become. This audience knows the change was forced, not chosen.",problem_aware,5,5,4,"You'll keep fighting your new self until you realize she's not the problem — she's the version built to survive what the old one couldn't. You don't have to like her yet. But she's why you're still here.","I don't recognize the person I am now. Not because of my body — because of who I had to become to live in it. I miss the version who didn't have to be this careful.","The hardest part isn't the ostomy or the missing organs. It's that you became someone you didn't choose to be. You're not mourning your body — you're mourning the personality that body allowed.","What you miss isn't your old body. It's the version of yourself who could be reckless, spontaneous, unguarded. That person required infrastructure you no longer have. You're grieving personality, not physique.","The surgery didn't steal your identity. It forced you to build a new one with fewer resources. You're not worse — you're just someone your old self wouldn't recognize, and that's the part no one warned you would hurt most."
26,"Why you stopped making plans the exact day you realized 'maybe' means 'probably not'","Anyone with an unreliable body has learned this specific shift — the moment hopeful planning became a setup for disappointment. Strangers recognize the transition from optimism to protective withdrawal.",problem_aware,4,5,3,"Six months from now, you'll recognize the exact moment you stopped believing your body when it said 'maybe tomorrow.' It wasn't when treatment ended — it was later.","I can tell you the exact day I stopped making plans. Not the day I got sick — the day I realized 'maybe' was just a kinder way to say 'probably not.'","You stopped making plans the day your body taught you that 'maybe' is a promise it can't keep. That's not pessimism — that's pattern recognition.","There's a specific day when everyone with an unreliable body stops making plans. It's not diagnosis day. It's the day 'maybe next week' finally clicks as 'probably never.'","You didn't stop making plans because you're negative. You stopped because your body taught you that hope without reliability is just scheduled disappointment."
27,"The specific phrase people use that tells you they think your condition is a choice","Everyone with permanent alterations has heard the coded language that implies they could fix this if they tried harder. Strangers who've felt misunderstood will stop for validation of what they already sense.",problem_aware,3,4,2,"Next time someone says 'Have you tried...?' you'll hear what they're actually saying: 'I think you're choosing to stay like this.'","I started counting how many times people say 'Have you tried...?' in a single conversation. The record is eleven. They all meant the same thing: 'This seems fixable if you cared enough.'","When someone asks 'Have you tried...?' after you've explained your condition, they're not offering help. They're refusing to believe permanence.","The phrase 'Have you tried...?' isn't a question about solutions. It's a statement: 'I'm uncomfortable with your reality and need to believe you could fix this.'","'Have you tried...?' isn't compassion. It's someone telling you they think your permanent condition is a choice you're making by not trying hard enough."
28,"Why you feel relief when plans get cancelled even though you wanted to go","The contradiction of wanting normalcy while dreading the energy cost is deeply relatable to anyone managing limited capacity. Strangers living this paradox will recognize themselves immediately.",unaware,3,4,3,"A month from now, when someone cancels plans, you'll recognize that wave of relief for what it actually is: your body thanking you for one less negotiation.","I wanted to go to that dinner. I was excited. And when she cancelled, the first thing I felt was relief. That's when I knew something had shifted.","You feel relief when plans cancel because saying yes costs energy but saying no costs identity. Cancellation is the only option that doesn't bill either account.","The relief you feel when plans cancel isn't about wanting to stay home. It's about the energy you were going to spend pretending you had more capacity than you do.","You're not relieved because you didn't want to go. You're relieved because cancelled plans can't expose how much smaller your capacity has become."
29,"The moment you realized you were rationing joy instead of just living","The shift from spontaneous living to calculated energy management is universal for this audience but rarely named. Strangers will stop because someone finally identified the transition they didn't have words for.",problem_aware,4,5,3,"Eventually you'll look back and see the exact moment you started treating happiness like a finite resource you had to save for special occasions.","I was at a birthday party, calculating whether laughing too hard would cost me tomorrow. That's when I realized I'd started rationing joy.","You're not choosing what makes you happy anymore. You're choosing what you can afford with the energy you have left. That's rationing, not living.","There's a moment when you stop asking 'Will this make me happy?' and start asking 'Can I afford the crash?' That's when spontaneity becomes a luxury.","You're not being careful with your energy. You're rationing joy because your body made happiness expensive and you're trying not to go bankrupt."
30,"Why you can't answer 'How are you?' without doing math first","The instant calculation between honesty and social acceptability is a daily reality for people with chronic symptoms. Strangers who pause before answering this question will recognize the mental load.",unaware,2,4,2,"Next time someone asks how you are, you'll notice the split-second calculation: who's asking, what they can handle, what I can afford to explain.","Someone asked how I was doing. I stood there running math: Do they actually want to know? Can I afford the follow-up questions? Is 'fine' believable today?","'How are you?' stopped being a simple question the day your honest answer became too complex for casual conversation. Now you calculate before you answer.","You can't answer 'How are you?' without running a cost-benefit analysis first. That pause isn't hesitation — it's you deciding which version of yourself this person can handle.","You're not overthinking 'How are you?' — you're protecting people from an answer they asked for but don't actually want."
31,"The specific way you started talking about your body in third person without noticing","Linguistic distancing from the body is a trauma response people don't recognize in themselves. Strangers who say 'it's not cooperating' instead of 'I'm tired' will feel exposed.",problem_aware,3,4,3,"In six months, you'll catch yourself saying 'my body isn't cooperating' and realize you've been talking about yourself like a broken appliance for years.","I was explaining why I couldn't come to dinner and heard myself say 'my body isn't cooperating today.' Like it's a separate entity I'm managing instead of me.","When you start saying 'my body won't let me' instead of 'I can't,' you've stopped identifying with your body. It's not grammar — it's divorce.","You talk about your body in third person now. 'It's not cooperating.' 'It won't behave.' That linguistic distance is how you live in something you're still angry at.","You're not being objective when you say 'my body won't cooperate.' You're using grammar to create distance from something you haven't forgiven yet."
32,"Why 'good days' make you more anxious than bad ones","The hypervigilance around feeling okay is counterintuitive but universal for people waiting for the other shoe to drop. Strangers living with unpredictability will recognize this reversed logic.",unaware,3,4,3,"Next good day you have, notice the anxiety underneath. You're not enjoying it — you're waiting for it to end and calculating what you'll pay tomorrow.","I had a good day last week. Felt almost normal. Spent the entire day tense, waiting for the crash, too anxious to enjoy it. Bad days are easier — at least I know what to expect.","Good days make you anxious because unpredictability is scarier than consistency. Bad days you can plan for. Good days just remind you how little control you actually have.","You're more anxious on good days because your body taught you that feeling okay is temporary and the bill always comes due. Bad days are predictable. Good days are just waiting.","Good days aren't relief — they're delayed punishment. You can't enjoy them because you're too busy bracing for the crash you know is coming."
33,"The exact moment you stopped believing doctors when they say 'We'll figure this out'","The loss of trust in medical optimism happens at a specific breaking point. Strangers who've been through multiple specialists will stop for the moment their hope collapsed.",problem_aware,4,4,3,"Eventually there's a doctor appointment where you'll hear 'We'll figure this out' and think 'No, you won't.' You'll remember that exact moment for years.","I was sitting in the specialist's office and she said 'We'll figure this out' and I realized I didn't believe her. Not rudely — I just knew she wouldn't. That was the shift.","You stopped believing 'We'll figure this out' the day you understood your body better than the experts. Not because they're bad — because you live here and they're just visiting.","There's a specific appointment where 'We'll figure this out' stops sounding hopeful and starts sounding dismissive. That's when you realize you're the expert now and they're still guessing.","'We'll figure this out' isn't reassurance when you've heard it from five different specialists who didn't. It's the phrase that taught you to stop outsourcing hope."
34,"Why you feel like you're failing even when you're doing exactly what they told you to do","Following medical advice perfectly but still struggling creates cognitive dissonance people can't resolve. Strangers doing everything right but not improving will recognize the impossible bind.",problem_aware,4,4,3,"Next time you follow every instruction and still feel terrible, you'll recognize the real problem: the gap between compliance and results that nobody warned you about.","I did everything they told me. Every medication, every restriction, every appointment. Still felt terrible. That's when I realized compliance doesn't guarantee improvement — it just eliminates your excuses.","You feel like you're failing because you were sold a transaction: do what we say and you'll feel better. When that doesn't work, the only variable left to blame is you.","Following medical advice perfectly doesn't protect you from feeling like a failure. It just removes the thing you could blame when you still don't improve.","You're not failing by doing everything right and still feeling terrible. The system failed by promising that compliance equals improvement."
35,"The friendship test you run now that you didn't used to need","Vetting relationships based on who can handle your reality is a screening process people don't admit to running. Strangers filtering friendships this way will feel seen.",problem_aware,3,5,2,"Six months from now, you'll notice you're testing every new friendship against 'Can they handle the real version or just the performing one?'","I realized I was running a test on every friendship now: cancel plans once and see if they ask again. The ones who disappear failed. The ones who adjust passed.","You're not testing friendships to be difficult. You're testing whether people can handle your actual capacity or if they only liked the before version.","There's a friendship test you run now without realizing it: Can they handle me on a bad day, or do I have to perform energy I don't have to keep them around?","You're not being picky about friendships. You're protecting yourself from people who need you to be the before version to stay interested."
36,"Why you need permission to do nothing even when your body is screaming for rest","The inability to rest without external validation is a productivity-culture wound this audience carries. Strangers who need a doctor's note to justify a nap will recognize the conditioning.",unaware,3,4,3,"Eventually you'll catch yourself needing a reason to rest — like your body screaming isn't sufficient evidence on its own.","I was exhausted. Could barely move. And I still couldn't let myself rest until I had a 'valid reason' to justify it. Being tired wasn't enough.","You need permission to rest because you were taught that tiredness without productivity is laziness. Your body's signals stopped being valid evidence years ago.","You can't rest until someone gives you permission because your culture taught you that your body's needs aren't legitimate without external validation.","You don't need permission to rest when you're exhausted. But you were raised in a system that taught you your body's testimony doesn't count as evidence."
37,"The comparison you make that nobody sees but destroys you daily","The specific before-and-after mental loop is invisible to outsiders but constant for this audience. Strangers trapped in this comparison will stop because someone named their secret benchmark.",problem_aware,4,5,3,"Next time you accomplish something, notice the immediate comparison to what the before-you could have done. That's the loop that's quietly destroying you.","I ran errands for two hours and needed a nap. First thought: 'I used to do this and go to work and hit the gym.' That comparison runs on repeat — nobody sees it, but it's there every day.","You compare everything you do now to what you could do before. That's not motivation — it's a rigged game where present-you loses every single round.","The most destructive comparison isn't you versus other people. It's present-you versus before-you, and before-you always wins because she had a body that cooperated.","Comparing yourself to who you were before isn't inspiring — it's self-sabotage with a before-photo. You're measuring today's reality against yesterday's capacity and wondering why you feel inadequate."
38,"Why you can't celebrate progress without immediately calculating what it cost","The instant cost-benefit analysis that ruins every achievement is specific to people managing limited resources. Strangers who can't enjoy wins without auditing the price will feel understood.",problem_aware,3,4,3,"Next time you accomplish something, watch how fast you move from 'I did it' to 'but now I'll pay for it tomorrow.' That's not pessimism — that's budgeting.","I went to a friend's wedding. Had a great time. Spent the entire drive home calculating what I'd just spent and what I wouldn't be able to do for the next three days. Couldn't just enjoy it.","You can't celebrate progress without calculating the cost because every win is an expense when you're managing limited energy. Enjoyment became a line item, not a feeling.","You don't celebrate progress anymore — you audit it. 'I did the thing' is immediately followed by 'and here's what it cost me.' Joy became a transaction you have to balance.","You're not killing your own joy by calculating costs. You're surviving on a limited budget and every celebration is an expense you'll pay for later."
39,"The specific sentence you rehearse before declining invitations so you sound sick enough but not too sick","The performative calibration of illness severity is exhausting labor this audience does invisibly. Strangers who script their nos will recognize the tightrope walk.",problem_aware,3,4,2,"Next time you decline an invitation, notice the script you're running: sick enough to justify saying no, but not so sick they worry or stop asking.","I rehearse the same sentence every time I cancel: 'Not feeling great today, maybe next time!' Sick enough to be believable, optimistic enough that they don't stop inviting me. It's a script.","You rehearse how to say no because you're managing two audiences: sick enough that your boundary is valid, healthy enough that you're not a burden. It's performance, not honesty.","There's a specific sentence you've perfected for declining invitations. It signals limitation without severity, boundaries without drama. You're not communicating — you're calibrating.","You're not overthinking how to say no. You're threading a needle: sick enough to justify the boundary, healthy enough that people don't stop asking."
40,"Why you're more afraid of people noticing you're struggling than actually struggling","The fear of visibility outweighing the fear of suffering is counterintuitive but deeply true for people hiding severity. Strangers performing wellness will recognize the priority inversion.",unaware,4,5,3,"Eventually you'll realize you've spent more energy hiding that you're struggling than you spent actually struggling. The performance became more exhausting than the problem.","I was having a terrible day. Spent the entire time making sure nobody noticed. Got home and realized I'd used more energy on the performance than on managing the actual symptoms.","You're more afraid of people seeing you struggle than of struggling itself because visibility makes it real in a way private suffering doesn't. Performance is control.","The fear isn't the bad day — it's someone noticing. Because once they see it, you can't pretend it's not happening. The performance is the last thing you can control.","You're not hiding struggle to protect yourself. You're hiding it because being seen struggling forces you to admit it's real — and you're not ready for that to be permanent yet."
41,"The moment you realized 'listening to your body' is useless advice when your body is a liar","The breakdown of interoceptive trust is specific to people whose bodies send unreliable signals. Strangers who can't trust their own feedback will stop for validation.",problem_aware,4,4,3,"Next time someone says 'just listen to your body,' you'll recognize why that advice stopped working: your body lies now and you don't know what signals to trust.","I tried listening to my body. It said I was fine. I did the thing. I crashed for three days. That's when I realized my body is an unreliable narrator and I can't trust its testimony.","'Listen to your body' only works when your body tells the truth. Yours sends false positives on good days and false alarms on bad ones. You're not ignoring it — you're fact-checking it.","You can't listen to your body anymore because it lies. Says you're fine when you're not. Screams danger when you're safe. The signal-to-noise ratio broke and you're left guessing.","'Listen to your body' isn't wisdom when your body's feedback system is broken. You're not ignoring signals — you're trying to decode which ones are still accurate."
42,"Why you stay in relationships where you're performing energy you don't have","The cost-sunk fallacy applied to relationships predates disability but gets weaponized after. Strangers maintaining performances will recognize the trap.",problem_aware,3,4,2,"Six months from now, you'll look at a relationship and realize you're staying because they knew you before — and you're terrified of being the altered version alone.","I stayed in a friendship where I had to perform energy I didn't have every single time we hung out. Not because I liked it — because she knew the before-me and leaving meant being the after-me alone.","You stay in relationships where you're performing because they're evidence that the before-you existed. Leaving means accepting that version is gone and this is who you are now.","You're not staying because the relationship is good. You're staying because they knew you before your body changed — and that connection to your old self feels like the last proof she was real.","You're not staying out of love. You're staying because people who knew you before are the only witnesses that the old version existed — and you're not ready to let her go."
43,"The silence after someone asks what you do for work and you realize you don't know how to answer anymore","Identity loss around professional capacity is profound but rarely named in social settings. Strangers who no longer fit their before-answer will feel the awkwardness viscerally.",problem_aware,3,4,3,"Next time someone asks what you do, notice the pause before you answer. That silence is you calculating which version of the truth they can handle.","Someone asked what I do for work. I froze. Used to have an answer I was proud of. Now I have a medical history and a before-career I can't return to. Ended up saying 'It's complicated.'","'What do you do?' stopped being a simple question the day your body took away the answer you used to give. Now you're deciding between honesty and brevity every time someone asks.","The silence after 'What do you do?' isn't hesitation. It's you running a calculation: truth versus simplicity, before-identity versus current-reality, who you were versus who you're becoming.","You don't pause before answering 'What do you do?' because you're ashamed. You pause because your body took the answer you spent years building and you haven't found the new one yet."
44,"Why you feel guilty for wanting more when you're supposed to be grateful you're alive","The gratitude trap that silences legitimate desires is weaponized against survivors. Strangers policing their own wants will recognize the impossible standard.",problem_aware,4,5,3,"Eventually you'll catch yourself wanting something and immediately shutting it down with 'I should just be grateful to be alive.' That's not gratitude — it's self-silencing.","I wanted to travel again. Immediately thought: 'You should be grateful you're alive, not complaining about what you can't do.' That's when I realized survival had become a silencing tool.","You feel guilty wanting more because you've been taught that survival is the ceiling, not the floor. Wanting joy after trauma isn't ungrateful — it's human.","The phrase 'just be grateful you're alive' isn't encouragement. It's a weapon people use to shut down your legitimate desires by making survival the highest standard you're allowed to reach for.","You're not ungrateful for wanting more than survival. You're human. 'Be grateful you're alive' is how people silence your needs when they're uncomfortable with your reality."
45,"The mental load of translating your experience into language healthy people can process","Constant code-switching to make severity digestible is invisible labor. Strangers who dumb down their reality in every conversation will recognize the translation tax.",problem_aware,3,4,2,"Next conversation about your health, notice how much energy you spend translating medical reality into metaphors people can handle without getting uncomfortable.","I was explaining my condition to someone and caught myself using five different analogies in three minutes. Wasn't educating — I was translating severity into something they could process without flinching.","You're not explaining your condition anymore — you're translating it. Every conversation is you converting medical reality into metaphors healthy people can digest without discomfort. That's labor.","The mental load isn't the symptoms. It's translating your experience into language that doesn't make healthy people uncomfortable while still being accurate enough to justify your boundaries.","You're not bad at explaining your condition. You're exhausted from translating medical severity into bite-sized metaphors so people don't have to sit with how serious this actually is."
46,"Why you feel more yourself alone than with people who love you","The performance of wellness even around safe people is a relational cost this audience pays constantly. Strangers who only relax alone will recognize the isolation paradox.",unaware,3,5,3,"Eventually you'll realize you feel more like yourself alone than with people who love you — not because they're bad, but because they need a version of you that costs energy to maintain.","I spent the weekend with family who love me. Got home and felt relief. Not because I didn't enjoy it — because I could finally stop performing the version they needed me to be.","You feel more yourself alone because solitude doesn't require performance. Even people who love you need a version of you that's easier than the whole truth — and maintaining that costs energy.","Solitude feels more authentic than connection now because being around people — even safe ones — requires you to manage their comfort with your reality. Alone, you can just exist.","You're not more yourself alone because you're antisocial. You're more yourself alone because every relationship requires some version of performance — and you're too tired to maintain it."
47,"The specific question you wish doctors would ask but they never do","The gap between medical inquiry and lived experience is vast. Strangers who wish someone would ask about life, not just symptoms, will stop for the question they've been waiting for.",problem_aware,3,4,3,"Next appointment, notice what they ask versus what you wish they'd ask. The gap between 'How are your symptoms?' and 'What does your life look like now?' is the whole problem.","I've seen seventeen specialists. They've asked about pain levels, medication side effects, test results. Not one has asked: 'What did you have to give up and what are you trying to get back?'","Doctors ask about symptoms because they're trained to fix bodies. The question you need — 'What does life look like now and what do you want it to include?' — isn't in their script.","The question you're waiting for isn't 'How are your symptoms?' It's 'What did this take from you and what are you trying to build back?' Medical training doesn't include that question.","Doctors aren't avoiding the question about your life on purpose. They're trained to manage disease, not negotiate what a changed body still gets to include. That's the gap you're living in."
48,"Why you can't remember the last time you did something without considering the fallout first","The death of spontaneity through consequence-calculation is universal for this audience. Strangers who audit every decision will recognize the loss they haven't grieved.",unaware,4,5,3,"Six months from now, you'll try to remember the last time you did something without calculating the cost first. You won't be able to — that version of decision-making is gone.","Someone suggested getting ice cream after dinner. First thought wasn't 'do I want it?' — it was 'can I afford the sugar crash, will sitting longer hurt, do I have energy for the walk back?'","You can't do anything spontaneously anymore because every decision has consequences your body will bill you for. Spontaneity is a luxury you lost when actions started having hangovers.","The last time you did something without considering fallout first was before your body taught you that every action has a price. Spontaneity died the day consequences became unpredictable.","You're not overthinking every decision — you're doing the math your body requires. Spontaneity is easy when actions don't have three-day hangovers."
49,"The moment you realized other people's discomfort with your reality is not your problem to manage","The breaking point where emotional labor stops is liberating but takes years to reach. Strangers still managing everyone else's feelings will stop for permission they didn't know they needed.",solution_aware,4,5,2,"Eventually there's a conversation where you'll stop managing someone's discomfort with your reality and just let them sit in it. That moment changes everything.","I was explaining my limitations and she looked uncomfortable. Old me would've softened it, made it easier. This time I just... stopped. Let her sit with it. Not my job to make my reality digestible.","Other people's discomfort with your reality is not your emotional labor to manage. You're allowed to exist at full severity without translating it into something more palatable.","The turning point isn't accepting your limitations. It's the moment you stop cushioning other people from them. Their discomfort with your reality is theirs to manage, not yours.","You're not being harsh by letting people sit with discomfort about your reality. You're being honest. Their comfort is not your responsibility — your truth is."
50,"Why the question 'What do you do for fun?' makes you realize you've been in survival mode so long you forgot what joy without cost feels like","The identity crisis around leisure reveals how deeply survival thinking has colonized everything. Strangers who can't answer this without calculating will recognize how small their world became.",problem_aware,4,5,3,"Next time someone asks what you do for fun, notice the blank space where your answer used to be. That's how long you've been in survival mode — joy became a concept, not an activity.","Someone asked what I do for fun. I froze. Couldn't think of a single thing I do just because I enjoy it, without calculating cost or recovery time. Fun became theoretical.","'What do you do for fun?' feels impossible to answer because you've been in survival mode so long that joy without consequences became a foreign concept. You didn't stop having fun — you stopped being able to afford it.","The question 'What do you do for fun?' exposes how completely survival thinking colonized your life. You can't answer because fun implies spontaneity and your body made that extinct.","You can't answer 'What do you do for fun?' not because your life is joyless — because you've been in survival mode so long you forgot what pleasure without payment feels like."