id,idea,room_rationale,awareness_level,urgency,staying_power,scope,resolution_preview,hook_experimenter,hook_teacher,hook_investigator,hook_contrarian
1,"Why you feel hungrier on days you barely moved","Everyone has experienced eating more on lazy days vs active days and assumed they were being weak. The counterintuitive reversal (inactivity increases hunger) stops the scroll because it contradicts lived experience.",unaware,4,5,5,"Hunger isn't about willpower on rest days—it's your body's metabolic confusion when it expects energy expenditure patterns. Movement stabilizes hunger signals; sitting all day amplifies them.","I tracked my hunger and steps for two weeks. On days I hit 3,000 steps, I wanted to eat everything. On 10,000+ step days? Normal appetite. The pattern reversed what I expected.","Your body gets hungrier on days you barely move because inactivity disrupts the hormones that regulate appetite. Movement stabilizes ghrelin and leptin—sitting all day sends them haywire.","Inactivity triggers hunger signals stronger than actual energy deficit does. Your body reads prolonged sitting as metabolic confusion, not rest.","You're not hungrier on rest days because you're bored. You're hungrier because your body's appetite hormones destabilize when you don't move enough."
2,"Why you can't think clearly by 3pm even when you slept fine","The afternoon slump is universal, but people blame sleep, caffeine, or lunch. Revealing it's tied to how they moved (or didn't) in the morning makes strangers stop because they can test it tomorrow.",unaware,5,4,5,"Brain fog by afternoon isn't about what you ate—it's blood sugar crashes from muscle inactivity. Morning movement primes your muscles to absorb glucose all day, keeping your brain fueled.","I started doing 10 minutes of movement before 9am. The afternoon brain fog I'd had for years—gone by day three. Same sleep, same meals, different glucose regulation.","Your brain fog at 3pm happens because your muscles didn't get activated in the morning. Muscles pull glucose from your blood when they contract—skip morning movement and your blood sugar swings wild by afternoon.","Morning inactivity sets you up for afternoon crashes because your muscles stay insulin-resistant all day. They won't absorb glucose efficiently without an early activation signal.","Your 3pm crash isn't about needing more sleep. It's about not moving in the first three hours you were awake. Your muscles control your mental clarity more than your bed does."
3,"Why your lower back hurts even though you didn't lift anything","Lower back pain without injury is extremely common and confusing. People assume they slept wrong or sat too long, but revealing it's muscular imbalance from inactivity patterns gives them a testable cause.",unaware,5,5,5,"Random back pain isn't about what you did yesterday—it's about what you didn't do for months. Your glutes stopped firing, so your lower back compensates for everything. Reactivate the glutes, eliminate the pain.","My lower back hurt every morning for six months. No injury, no reason. I started doing glute bridges for two weeks. The pain disappeared because my glutes finally started working again.","Your lower back hurts because your glutes aren't firing. When you sit all day, your glutes go dormant. Your lower back takes over every movement they should be doing—walking, standing, bending.","Sitting for hours daily shuts down your glute activation. Your lower back compensates by stabilizing your entire body, which it's not designed to do. That's the pain.","Your back doesn't hurt because you lifted wrong. It hurts because you haven't activated your glutes in months, and your back is doing their job."
4,"Why you feel tired all day but can't fall asleep at night","This wired-but-tired state is universal and maddening. People blame stress or screens, but connecting it to physical exhaustion debt (not enough muscle engagement) gives strangers a non-obvious explanation they can act on.",unaware,5,5,5,"Being tired but wired isn't a sleep problem—it's an energy system problem. Your body needs physical fatigue to produce sleep hormones. Mental exhaustion without muscle use leaves you stuck in cortisol mode.","I was exhausted all day but lay awake until 1am every night. Started lifting weights four days a week. Within ten days, I was asleep by 10:30. Physical fatigue unlocked what mental exhaustion couldn't.","You can't sleep even though you're tired because your body isn't physically fatigued. Mental exhaustion raises cortisol. Physical exhaustion from muscle work raises adenosine, which actually makes you sleep.","Your body distinguishes between mental tiredness and physical fatigue. Only physical fatigue triggers the hormone cascade that puts you to sleep. Mental stress keeps you wired no matter how drained you feel.","You're not tired enough to sleep. You're mentally exhausted but physically under-stimulated. Your body needs muscle fatigue to produce sleep pressure—scrolling doesn't count."
5,"Why you look puffy in the mirror even when the scale hasn't moved","Feeling puffy or bloated without weight gain is confusing and common. People blame water or food, but revealing it's inflammation from prolonged sitting and muscle disuse gives strangers a mechanical explanation.",unaware,4,4,5,"Puffiness without weight gain isn't water retention—it's poor lymphatic drainage from inactivity. Your muscles pump lymph fluid. When they don't move, fluid pools. Movement fixes it within hours.","I'd wake up looking puffy three days a week—same weight, same meals. Started doing 20 squats every two hours. The puffiness stopped showing up. My muscles were finally moving the fluid out.","You look puffy because your lymphatic system relies on muscle contractions to move fluid. Sitting all day means fluid pools in your tissues. The scale stays the same, but your face and hands swell.","Your lymphatic system doesn't have a pump like your heart does. It depends entirely on muscle movement to circulate. Prolonged sitting = stagnant lymph = puffiness.","You're not retaining water because of what you ate. You're puffy because your muscles haven't moved enough to drain the fluid that's pooling in your tissues."
6,"Why you get winded walking up stairs but your cardio feels fine","This specific mismatch (cardio endurance vs stair struggle) is relatable and embarrassing. Revealing it's leg strength, not lung capacity, reframes the problem in a way strangers can immediately test.",unaware,4,4,4,"Stair breathlessness isn't a cardio issue—it's muscular. Your legs fatigue fast because they're weak, which spikes your heart rate trying to compensate. Stronger legs = easier breathing on stairs.","I could run three miles but got winded climbing two flights of stairs. Started doing step-ups with weight twice a week. Four weeks later, stairs felt easy. It was never my lungs—it was my legs.","You get winded on stairs because your leg muscles are weak, not because your cardio is bad. Weak legs fatigue quickly, forcing your heart to work overtime to deliver oxygen. Stronger legs fix the breathlessness.","Your heart rate spikes on stairs because your legs can't generate force efficiently. Weak muscles demand more oxygen per step, which sends your breathing into overdrive even though your lungs are fine.","Stairs don't test your cardio—they test your leg strength. If you get winded climbing but feel fine jogging, your legs are the problem, not your lungs."
7,"Why you're cold all the time even when everyone else is comfortable","Being perpetually cold is common and frustrating, usually blamed on thyroid or circulation. Connecting it to low muscle mass (which generates heat) gives strangers a testable, non-medical angle.",unaware,3,4,4,"Feeling cold constantly isn't just circulation—it's insufficient muscle mass. Muscle generates 40% of your resting body heat. Low muscle mass means your body can't maintain temperature efficiently.","I wore sweaters in summer for years while everyone else was fine. Built 8 pounds of muscle over six months. The coldness disappeared—not because of thyroid or iron, but because muscle produces heat.","You're cold all the time because you don't have enough muscle mass. Muscle tissue generates the majority of your body heat at rest. Less muscle = less heat production = perpetual chills.","Muscle is metabolically active tissue that generates heat constantly. When you lose or never build muscle, your body can't maintain its temperature efficiently. That's the cold feeling.","You're not cold because of poor circulation. You're cold because you don't have enough muscle mass. Muscle generates heat—fat and bone don't."
8,"Why you're starving an hour after eating a big meal","Everyone has experienced eating a full meal and being ravenous shortly after. The confusion of 'how am I hungry again?' makes strangers stop to find out what they're missing.",unaware,4,5,5,"Protein and fiber slow digestion—your 'big meal' was just fast-burning carbs and fat. Once you see meals as fuel timing, not just fullness, you stop the blood sugar rollercoaster.","I tracked what I ate versus when I got hungry again for two weeks. The meals that felt biggest kept me full the shortest amount of time.","Your stomach being full and your body being fed are two completely different things. A 1200-calorie pasta bowl empties faster than a 400-calorie chicken and vegetable plate.","That massive meal that left you hungry an hour later? It had almost no protein. Your stomach stretched, but your body never got the signal to stop looking for food.","Eating more doesn't keep you full longer. Eating protein does. That's why you can demolish a large pizza and want dessert, but a steak and vegetables keeps you satisfied for hours."
9,"Why your knees hurt going down stairs but not going up","This is a specific, relatable pain pattern that millions experience but never questioned. The asymmetry makes it intriguing—strangers want to know why one direction hurts and the other doesn't.",unaware,3,4,4,"Going down stairs loads 3-4x your bodyweight on your knees while your quads control the descent. Strengthening your quads changes the equation—your muscles absorb what your joints currently take.","I asked 50 people at the gym if their knees hurt more going up or down stairs. 47 said down. Then I showed them what their quads were doing in each direction.","Your knees hurt going down stairs because your quads are controlling 3-4 times your bodyweight through a slow descent. Going up, you're pushing—going down, you're braking.","Downward stairs load your knees with triple your bodyweight while your quads work overtime to control the fall. Weak quads mean your knee joint absorbs all that force instead of your muscles.","Your knees don't hurt because of the stairs. They hurt because your quads are too weak to control your bodyweight on the way down, so your joints take the impact."
10,"Why you need to pee constantly even though you're not drinking more water","Frequent bathroom trips disrupt daily life and cause social anxiety, but people dismiss it as normal. The mismatch between fluid intake and output creates curiosity—strangers want the explanation they've been missing.",unaware,3,3,4,"High-carb, low-protein diets dump water weight constantly because carbs store water in muscles. When you balance protein and carbs, your body holds fluid where it belongs—in muscle tissue, not your bladder.","I tracked my bathroom trips against what I ate for a month. On high-carb days, I went 12+ times. On balanced protein days, it dropped to 6-7 without changing water intake.","Your muscles store carbs with 3 grams of water per gram of carb. When you eat mostly carbs without protein, you're constantly dumping that stored water instead of holding it in muscle.","You're peeing constantly because your body can't hold onto water—every gram of carbohydrate stores with 3 grams of water, and without enough muscle to hold it, you're just flushing it out.","You don't have a bladder problem. You have a muscle problem. Without enough muscle tissue to store carbs and water, your body treats hydration like a rental—constantly evicting it."
11,"Why you feel shaky and irritable if you skip breakfast but fine after missing dinner","This asymmetry is universally experienced but never questioned—people assume hunger should feel the same regardless of timing. The contrast makes strangers curious about what's different about morning fuel.",unaware,4,4,5,"Your body runs on yesterday's dinner until mid-morning, then switches to real-time fuel. Missing breakfast means your system has nothing to switch to—causing the crash. Protein at breakfast stabilizes the transition.","I skipped breakfast for a week, then skipped dinner for a week. Breakfast made me shaky by 10am. Dinner? I barely noticed until the next morning.","Your body uses stored energy until around 9-10am, then switches to real-time fuel. Skipping breakfast means you hit that switch with nothing in the tank—that's the irritability and shakes.","You feel shaky without breakfast because your body depletes overnight storage by mid-morning and needs immediate fuel. Skipping dinner just means you wake up slightly more depleted—but you still have reserves.","Missing dinner doesn't make you shaky because you sleep through the fuel switch. Missing breakfast does because you're awake when your body runs out of yesterday's reserves and finds nothing."
12,"Why your clothes feel tight in the evening even when you barely ate","End-of-day bloating frustrates millions who can't connect it to anything they did. The disconnect between eating very little and feeling bigger creates urgency—strangers want to solve the mystery.",unaware,4,3,5,"Sitting all day pools fluid in your lower body and slows digestion—even small meals bloat you. Movement every 90 minutes keeps fluid circulating so you don't end the day feeling inflated.","I measured my waist every 3 hours for two weeks. On desk days, I gained 2 inches by 6pm. On active days with the same food, I gained half an inch.","When you sit for hours, gravity pools fluid in your abdomen and legs while your digestion slows to a crawl. Even a small lunch bloats you because nothing's moving through your system.","Your clothes feel tight at night because sitting all day pools fluid in your lower body and turns your digestion into a parking lot. Movement is the drain—without it, everything backs up.","You're not bloated from what you ate. You're bloated from how long you sat. Your body needs movement to circulate fluid and move food through—sitting turns you into a water balloon."
13,"Why you get headaches on weekends but not during the work week","Weekend headaches ruin rest days and seem backwards—people expect stress headaches during work, not relaxation. The reversal creates intrigue for strangers who want to understand the pattern.",unaware,3,3,4,"Your work routine maintains stable blood sugar and caffeine levels—weekends disrupt both. Eating protein at consistent times on weekends prevents the crash that triggers headaches.","I tracked my weekend headaches against my eating times for a month. Every headache happened when I ate 2+ hours later than my weekday breakfast—even with the same food.","You get weekend headaches because you're eating hours later than usual. Your blood sugar crashes waiting for that late brunch, and the drop triggers the pain—not the relaxation.","Weekend headaches come from delayed eating, not relaxation. Your body expects fuel at 7am like weekdays, but you're sleeping in and brunching at 11—that 4-hour delay crashes your blood sugar.","Relaxation doesn't cause weekend headaches. Skipping your normal eating schedule does. Your body runs on routine fuel timing—weekends starve it until brunch and your head pays the price."
14,"Why you're sore two days after a workout but not the day after","Delayed soreness confuses everyone—if the workout damaged muscles, why doesn't it hurt immediately? The time lag seems illogical, making strangers stop to learn the explanation they've never heard.",unaware,2,5,5,"Muscle damage triggers inflammation that peaks 24-48 hours later, not immediately. Knowing this is normal helps you push through day-two soreness instead of thinking you're injured or doing something wrong.","I rated my soreness every 12 hours after leg day for 3 months. Day one was always mild. Day two was when I could barely sit down. Day three started improving.","Muscle soreness peaks 48 hours after your workout because that's how long inflammation takes to fully develop. The workout damages fibers immediately, but you don't feel it until your body floods the area with repair signals.","You're not sore the day after a workout because inflammation takes 24-48 hours to peak. The muscle damage happens during the workout—the pain comes two days later when your body sends the repair crew.","Day-one soreness means you didn't work hard enough. Real muscle damage shows up on day two when inflammation peaks—that's when you know you actually triggered growth."
15,"Why you feel weaker in the gym even though you're eating more","Everyone who's tried to 'eat more to build muscle' has experienced this paradox — they feel worse, not better. Strangers stop because it challenges the obvious solution they just committed to.",problem_aware,4,4,4,"Eating more without the right ratio of protein to carbs floods your system with energy it can't use for recovery. Once you shift the ratio, strength comes back within days.","I added 500 calories to my diet to build muscle. Three weeks later, my lifts went DOWN and my workouts felt harder than when I was eating less.","Eating more makes you weaker in the gym when the extra calories are carbs and fat instead of protein. Your muscles need building blocks, not just energy.","You're eating more but getting weaker because your body is burning the extra calories as fuel instead of using them to repair muscle. The timing and type of food matters more than the amount.","More food should mean more strength. But when you add calories without adding protein, you're just giving your body more to burn — not more to build with."
16,"Why your arms grow but your legs don't even when you train them the same","This is the silent frustration of everyone who's been training for months — one body part responds, another doesn't. Strangers with ANY gym experience have lived this asymmetry.",problem_aware,3,5,5,"Legs need twice the volume and heavier loads than arms because they're built for endurance, not strength signaling. Once you train them like a different species of muscle, they respond.","I trained arms and legs three times a week with the same sets and reps. Six months later, my arms looked completely different and my legs looked exactly the same.","Your legs don't grow like your arms because they're designed for walking all day. They need double the volume and heavier weight to get the same growth signal.","Arms respond to 9 sets a week. Legs need 18. Your legs are built for endurance and only respond to volume that would overtrain your upper body.","Training legs the same as arms seems fair. But legs are endurance muscles that carry you all day — they ignore the stimulus that grows your biceps."
17,"Why the scale goes up the week you start lifting weights","This is the exact moment beginners quit — they do everything right and the scale punishes them. Strangers who've started and stopped fitness plans recognize this betrayal instantly.",problem_aware,5,3,5,"Your muscles hold 3-5 pounds of water when you start lifting to repair tissue. It drops off in 3-4 weeks. Once you expect it, you don't panic and quit.","I started lifting weights and eating in a deficit. The first week, the scale went UP two pounds. I almost quit before someone explained what was actually happening.","The scale goes up when you start lifting because your muscles store water and glycogen to repair damage. It's not fat — it's your body responding correctly to training.","You gain 3-5 pounds of water weight in your first week of lifting. Your muscles flood with fluid to repair tissue. This is adaptation, not fat gain, but it looks identical on the scale.","Starting a workout program should make the scale go down. But strength training inflames your muscles on purpose — and inflammation holds water."
18,"Why you're stronger on some days than others even when you sleep and eat the same","Every lifter has had a 'weak day' they can't explain. This mystery keeps people from trusting their programming because they can't predict performance.",problem_aware,2,4,5,"Strength fluctuates based on accumulated fatigue from the previous 72 hours, not just last night's sleep. Once you track the pattern, you can adjust loads instead of questioning the whole program.","I track my sleep, my meals, and my workouts. Some days I hit every rep easily. Other days the same weight feels impossible — and I can't find a pattern in my data.","Your strength changes daily because your nervous system needs 48-72 hours to recover from hard sessions. Yesterday's workout affects today more than last night's sleep.","You feel weak on random days because strength isn't about today's sleep or food. It's about whether your nervous system recovered from three days ago.","Same sleep, same food should mean same performance. But your nervous system is still recovering from Tuesday's workout — it doesn't reset overnight."
19,"Why you can do more reps with dumbbells than a barbell even at the same total weight","Anyone who's tried both has noticed this — 50-pound dumbbells feel easier than a 100-pound barbell. It violates basic math and bothers people who are trying to track progress.",problem_aware,2,3,4,"Dumbbells let each arm find its own path, so your strong side can't compensate. The barbell forces both sides to match the weak one. Once you know this, you stop comparing the two as equal.","I can bench press two 50-pound dumbbells for 12 reps. Put a 100-pound barbell in my hands and I get 8. The math doesn't make sense until you see what's actually different.","Dumbbells let your stronger side do more work and your arms move independently. A barbell locks both arms together, so you're only as strong as your weaker side.","You get more reps with dumbbells because each arm finds its own path. With a barbell, your weak side limits your strong side — the total weight is the same but the demand isn't.","Two 50-pound dumbbells should equal one 100-pound barbell. But the barbell forces symmetry your body doesn't have — your weak side caps the whole lift."
20,"Why you stop losing weight at the exact moment you add exercise to your diet","This is the cruelest irony of getting started — people finally commit to workouts and the scale stops moving. Strangers who've tried to 'do everything at once' have rage-quit over this.",problem_aware,5,3,5,"Exercise makes you hungrier and most people eat back 100% of the calories they burned without realizing it. Once you track intake during workout weeks vs rest weeks, the pattern becomes obvious.","I was losing a pound a week on diet alone. I added four workouts a week and the scale hasn't moved in three weeks. My deficit is the same on paper — but I'm eating more without noticing.","You stop losing weight when you start exercising because workouts increase hunger and most people eat back every calorie they burn. The deficit disappears even though you're working harder.","Adding exercise to a diet stalls weight loss because your body compensates. You eat 200 more calories without tracking it, rest more throughout the day, and your metabolism adapts to the new activity level.","Exercise should speed up weight loss. But it makes you hungrier, and hunger makes you eat more — most people erase the calorie burn within hours of finishing the workout."
21,"Why your grip gives out before your back on rows and pulldowns","This stops beginners from progressing on every back exercise. They feel like their back didn't work because their hands quit first. Every gym-goer who's done a pulldown recognizes this.",problem_aware,3,4,4,"Grip strength maxes out at 40-60% of what your back can pull. Straps remove the limiting factor so your back gets the stimulus it needs to grow. Once you use them, rows actually build your back.","My grip fails at rep 8 on every rowing exercise. My back doesn't even feel tired yet. I started using straps and suddenly I could do 12 reps — my back was sore for the first time in months.","Your grip gives out first because your forearms are small muscles trying to hold weight your back can move. Straps bypass the weak link and let your back reach failure.","Grip fails before back because forearm muscles are a fraction of the size of your lats. Your hands can't hold what your back can pull — straps fix the mismatch.","Failing on rows should mean your back is done. But your grip is the weak link — your back never reaches the fatigue it needs to grow unless you remove your hands from the equation."
22,"Why you feel bloated and heavy the day after eating more carbs than usual","This happens every time someone has a high-carb meal after dieting — they wake up feeling 'fat' overnight. Strangers mid-diet spiral over this constantly.",problem_aware,4,3,5,"Every gram of carbs pulls 3-4 grams of water into your muscles and liver. The bloat is stored fuel, not fat. Once you know it drops off in 48 hours, you stop panicking and restricting harder.","I had pasta for the first time in weeks. The next morning I looked puffy and felt five pounds heavier. I panicked and cut carbs even lower — until I learned what was actually happening.","You feel bloated after eating carbs because every gram of carbohydrate stores with 3-4 grams of water in your muscles. It's fuel storage, not fat gain, but it feels identical.","Carbs make you bloated because your body stores them as glycogen in muscles and liver. Glycogen binds to water at a 1:4 ratio. You're holding fuel, not gaining fat.","Eating carbs should give you energy. But when you've been low-carb, your body floods your muscles with water to store the fuel — and you wake up feeling heavier even though you didn't gain fat."
23,"Why you look flat and small the week you cut calories even though the scale is dropping","This is the psychological trap of dieting — you're finally losing weight but you look WORSE in the mirror. People think they're doing it wrong and quit during their best progress week.",problem_aware,4,3,4,"Cutting calories drains glycogen from your muscles first, which makes them look smaller before fat comes off. A refeed day restores the fullness without stopping fat loss. Once you plan for it, you don't panic.","I dropped three pounds in my first week of dieting. I should have been excited, but I looked smaller and flatter in the mirror. I thought I was losing muscle until I understood what actually happens first.","You look flat when you cut calories because your body burns stored carbs from your muscles before it touches fat. Glycogen holds water — losing it makes muscles look deflated even as you lose weight.","Muscles look smaller when you diet because glycogen drains first. Your body burns stored carbs from muscle tissue before fat. You're losing weight, but the mirror shows deflation before definition.","Losing weight should make you look better. But the first thing your body burns is glycogen from muscles — which makes them look flat and small even though you're doing everything right."
24,"Why you feel exhausted after a rest day but energized after hard training days","Anyone who's tried to 'recover' and felt worse can relate — this names a frustrating reversal that makes people question if they're doing recovery wrong",problem_aware,4,5,4,"Rest days aren't about lying still — they're about active recovery. Once you understand the difference between rest and shutdown, you can recover without crashing.","I took a full rest day yesterday. No gym, barely moved. Woke up today feeling like I got hit by a truck. Meanwhile the day after deadlifts? I feel great.","Your body doesn't crash from hard training — it crashes from the sudden drop in blood flow and hormones when you go completely sedentary. That's why you feel worse after rest days than workout days.","Rest days make you more tired because your circulation plummets when you go from training hard to doing nothing. Your body interprets the shutdown as a problem.","Rest days are making you more exhausted. The day you skip the gym is when your body crashes hardest — here's the circulation pattern behind it."
25,"Why you can stick to your diet all week but lose control every single weekend","Weekend eating spirals are near-universal but people blame willpower instead of seeing the pattern — this names the cycle they're trapped in",problem_aware,5,5,5,"Weekend binges aren't about discipline — they're about weekday restriction creating biological debt. Once you eat enough during the week, weekends stop feeling like your only chance.","Monday through Friday I'm perfect. Track everything, hit my protein, stay in my calorie target. Then Saturday hits and I eat like I'm never going to see food again.","You lose control on weekends because you're undereating during the week. Your body waits until your guard is down, then overrides your willpower to recover the deficit.","Weekend binges happen because your weekday deficit creates biological debt. By Friday, your hunger hormones are screaming — and they win the moment you relax.","Your weekend binges aren't a discipline problem — your perfect weekday eating is causing them. The stricter you are Monday through Friday, the harder you crash Saturday and Sunday."
26,"Why your progress photos look worse even when the scale is moving in the right direction","The disconnect between scale success and visual disappointment creates real panic — people think they're doing something wrong when they're not",problem_aware,4,3,4,"Photos capture inflammation and water shifts that the scale doesn't show. Once you know the lag time between scale changes and visual changes, you stop panicking mid-process.","I'm down 8 pounds in three weeks. Scale is moving exactly like it should. But I took progress photos yesterday and I look worse than my starting photos.","The scale drops before you see it in photos because early weight loss is water and glycogen — you look deflated, not lean. Visual changes lag behind scale changes by 2-3 weeks.","Progress photos look worse during the first few weeks because you're losing water weight, not fat yet. You look flat and soft because your muscles are depleted before fat starts coming off.","Losing weight makes you look worse before you look better. The first 10 pounds off the scale shows up as deflation, not definition — and that's exactly what's supposed to happen."
27,"Why you're more sore after easy workouts than the hard ones that should destroy you","This reversal feels broken — people expect soreness to match effort, and when it doesn't, they question if they worked hard enough",problem_aware,3,4,4,"Soreness tracks novelty and eccentric load, not effort. Once you stop using soreness as your intensity gauge, you can actually progress instead of chasing random muscle damage.","I hit a PR on squats Tuesday. Walked out feeling destroyed. Zero soreness the next day. Then I did some light lunges Thursday and could barely walk Friday.","You get more sore from easy workouts because soreness comes from unfamiliar movements and eccentric stress — not from how hard you pushed. Lunges wreck you because you never do them.","Easy workouts make you sore because your muscles aren't adapted to those specific movement patterns. Soreness measures novelty, not intensity — that's why random exercises hurt more than your main lifts.","The workouts that make you sore aren't the ones making you stronger. Soreness means unfamiliar, not effective — chasing it keeps you random instead of progressive."
28,"Why you gain weight the week you finally start eating enough protein","People increase protein to lose weight, then panic when the scale jumps — this names the exact moment they're most likely to quit",problem_aware,5,4,4,"Protein pulls water into your muscles for repair and storage. The scale jump is hydration, not fat — once you expect it, you don't bail the week it's actually starting to work.","I finally started hitting my protein target this week. 130 grams every day. The scale went up 4 pounds in 5 days and I'm freaking out.","You gain weight when you increase protein because protein pulls water into your muscle tissue for synthesis and repair. That scale jump is your muscles filling out, not fat gain.","High protein intake causes immediate water retention because your muscles need water to process and store amino acids. The scale goes up the first week, then fat loss accelerates in week two.","Eating more protein makes you gain weight at first — and that's the sign it's working. The scale spike is muscular hydration, and it happens right before fat loss kicks in."
29,"Why you look leaner in the morning but puffy and soft by bedtime every single day","This daily visual shift makes people feel like they're regressing in real-time — they don't understand why their body changes shape throughout the day",problem_aware,3,3,5,"Your body accumulates fluid in your lower limbs and tissue throughout the day from gravity and sodium. Once you see it as normal redistribution, you stop thinking you ruined your progress by lunch.","I wake up looking lean and tight. Abs visible, face defined. By 8pm I look like I gained 10 pounds. Same food, same water intake — completely different body.","You look puffy by evening because gravity pulls fluid into your legs and extremities all day, and sodium from meals causes temporary water retention. Morning leanness is dehydration plus 8 hours horizontal.","Evening puffiness happens because you accumulate interstitial fluid throughout the day from gravity, sodium, and inflammation. Your morning look is dehydration — your evening look is your actual hydrated state.","Your morning body is dehydrated, not lean. That tight, defined look is 8 hours without water and gravity working in reverse — your evening softness is what proper hydration actually looks like."
30,"Why you can't recover from workouts that used to feel easy six months ago","Regression feels terrifying — people don't understand why their capacity is shrinking when they're still training consistently",problem_aware,5,4,3,"You're not weaker — you're undereating for your new muscle mass and training volume. Once you match your intake to your current output, recovery comes back.","Six months ago I could train hard four days a week and feel great. Same program now and I'm wrecked for three days after every session. I thought I'd be more conditioned by now.","You can't recover like you used to because your body has more muscle mass now and needs more fuel. The same calorie intake that worked at the start doesn't support your current tissue demands.","Recovery gets worse as you get stronger because muscle tissue is metabolically expensive. You built more muscle, but you're still eating like you did at the beginning — your body can't repair what it can't feed.","Getting stronger made your recovery worse. You added muscle mass but didn't add calories — now you're trying to repair more tissue on the same fuel, and your body can't keep up."
31,"Why you feel ravenous the day after a high step count even when you didn't train","People don't connect walking to hunger because it doesn't feel hard — this names the delayed hunger response that sabotages their deficit",problem_aware,4,4,5,"Step count burns more than you think and hunger lags by 24 hours. Once you account for walking in your intake, you stop feeling out of control the next day.","I hit 18,000 steps yesterday. Didn't train, just walked a lot. Woke up today wanting to eat everything in my kitchen. I thought walking was supposed to help my deficit.","High step days make you hungry the next day because NEAT burns significant calories and hunger hormones respond with a 24-hour delay. You're not randomly hungry — you're paying back yesterday's deficit.","Walking creates delayed hunger because your body doesn't spike hunger hormones during low-intensity activity. The calorie burn happens on day one, but the hunger compensation hits on day two.","Walking doesn't help your deficit — it just delays your hunger by 24 hours. Those high step days feel easy until the next morning when your appetite doubles."
32,"Why you sleep worse on days you train hard even though you're more tired","The contradiction between physical exhaustion and inability to sleep frustrates people who think training should make them sleep better",problem_aware,4,4,4,"Hard training spikes cortisol for hours after you finish. Once you time your sessions earlier or add carbs post-workout, your nervous system calms down enough to sleep.","I crushed legs today. Completely exhausted. Fell into bed at 10pm and laid there wired until 1am. Meanwhile the days I don't train? Out cold in 10 minutes.","Hard training makes you sleep worse because intense exercise spikes cortisol and adrenaline for 4-6 hours afterward. You're physically tired but neurologically activated — your body can't shut down.","Evening training sessions wreck your sleep because your cortisol stays elevated for hours after you finish. You feel tired, but your nervous system is still in fight-or-flight mode.","Training hard makes you sleep worse, not better. Intense sessions spike your stress hormones for hours — you're exhausted but wired, and your body can't tell the difference between a workout and a threat."
33,"Why hiring a trainer who lifts heavy doesn't mean they can teach someone who's never touched a barbell","Anyone comparing trainers or considering hiring one has experienced the disconnect between impressive physiques and actual teaching ability — this names the gap between performance and coaching skill",solution_aware,4,5,4,"The best trainers aren't the strongest — they're the ones who remember what confusion feels like. Look for someone who can explain the basics without skipping steps, not someone with the best Instagram lifts.","I've trained under coaches who deadlift 500 pounds and coaches who deadlift 300. The 300-pound coach taught me more in one session than the other did in three months.","The trainer with the best physique is usually the worst teacher for beginners. They've been strong so long they've forgotten what it's like to not understand how to brace your core.","Trainers who got strong fast skip the same steps with clients that their genetics let them skip. That's why you leave sessions confused even when they demonstrated everything.","The most jacked trainer in the gym is probably the wrong choice if you're starting from zero. Natural ability makes people terrible teachers — they can't remember what confusion feels like."
34,"Why group classes make you work harder but personal training builds more actual strength","People deciding between class-based gyms and one-on-one training have felt this tension — the energy of groups versus the customization of solo work — but don't know which gap matters more",solution_aware,4,4,4,"If you need accountability to show up, start with classes. Once showing up is automatic, switch to personal training to fix what group settings can't individualize. Most people need both at different stages.","I tracked my effort and my progress separately for six months. Group classes had me sweating and sore every time. Personal training had me adding weight to the bar every week. Different outcomes entirely.","Group classes use competition and energy to push effort. Personal training uses progression and form correction to build strength. You're comparing motivation versus methodology — both matter, but at different stages.","Group classes can't stop mid-set to fix your hip shift on squats. That's why you feel worked but don't get stronger — effort without correction just ingrains compensation patterns.","Group fitness will make you sweat more than personal training. But sweating isn't strength. If you've been doing classes for six months and you're not adding weight or reps, you're spinning your wheels with an audience."
35,"Why online programs work better for people who've already failed in person","Anyone considering online coaching after gym attempts didn't work has wondered if remote training is settling for less — this reframes past 'failures' as necessary education that makes remote work possible",solution_aware,3,4,3,"In-person training teaches you what good reps feel like. Online programs teach you how to self-correct and stay consistent without supervision. You need the first experience to make the second one work.","I couldn't stick with online programs until I'd worked with a trainer in person for three months. After that, online coaching worked better than in-person ever did. The sequence mattered.","Online programs assume you know what a proper squat feels like in your body. If you've never had someone fix your form in real time, you're guessing. That's why online works for people with a foundation but fails beginners.","Online coaching fails beginners because you can't feel what's wrong through a screen. But if you've already learned what tension in the right places feels like, remote check-ins are enough.","Everyone says online programs are more convenient. They're actually harder — you have to self-coach between check-ins. If you've never felt what correct form is, you'll just practice mistakes faster."
36,"Why paying for a gym with fewer machines forces better results than a gym with everything","People comparing gym memberships assume more equipment equals better value — this challenges the instinct to choose abundance and reframes limitation as focus",solution_aware,2,5,4,"Gyms with 40 machines let you avoid hard exercises forever. Gyms with barbells, dumbbells, and racks force you to do the basics that actually build strength. Choose the gym that limits your options to the right ones.","I got stronger at the gym with one squat rack and dumbbells than I ever did at the facility with 50 machines. Less equipment meant I couldn't hide from the exercises that mattered.","Gyms with every machine let you program-hop forever. You try leg press one week, hack squat the next, never sticking with anything long enough to progress. Gyms with just barbells and dumbbells force you to run the same program until it works.","The gym with the most equipment makes the most money by keeping you confused. New machines mean you never have to get good at the basics — and the basics are what build muscle.","The gym with every machine imaginable is designed to keep you weak. Variety prevents progression. The gym with one squat rack forces you to get strong at squats because there's nothing else to distract you."
37,"Why macro tracking works for people who've failed calorie counting but not the other way around","People choosing between calorie-focused and macro-focused approaches have tried one or both and felt a difference in difficulty — this explains why the order of operations matters for adherence",solution_aware,3,4,4,"Calorie counting without macro targets lets you eat 1500 calories of snacks and wonder why you're starving. Macros force structure — protein first, then carbs and fats. Start with macros if you've failed calories-only approaches.","I tracked calories for two months and stayed under my goal but felt hungry all day. Switched to tracking macros at the same calorie total and the hunger disappeared. The distribution mattered more than the total.","Calorie counting tells you how much to eat. Macro tracking tells you what to eat. If you're hitting calorie goals but failing to stick with it, you're probably under-eating protein and running on sugar crashes all day.","Calorie-counting apps let you hit your number with 1200 calories of crackers and still call it a win. Macro tracking exposes that game — you can't hit protein targets with snack food, so you're forced to eat real meals.","Calorie counting is easier to start but harder to sustain. You can hit your number and still be ravenous because nothing in the calorie total requires protein. Macros are more work up front but they fix the hunger problem most people quit over."
38,"Why programs that let you swap exercises whenever you want prevent the progress you're paying for","People evaluating flexible programs versus rigid ones see customization as a feature — this reveals how choice becomes the enemy of progression when you're still learning what works",solution_aware,4,5,3,"Swapping exercises when they feel hard is how you avoid getting stronger. Rigid programs force you through the discomfort that builds adaptation. Choose programs that don't let you choose — at least until you've proven you can progress on the basics.","I followed a program that let me swap exercises for 'preferences' for four months. Never got stronger. Switched to a program with zero substitutions allowed and added 40 pounds to my squat in eight weeks.","Programs that let you swap exercises sound personalized, but they're really just giving you permission to avoid hard things. You'll swap out squats every time your legs are sore, which is exactly when you need to squat to adapt.","Flexible programs make money by preventing the frustration of hard workouts. But frustration is the signal you're doing something your body hasn't adapted to yet — which is the only thing that builds strength.","The program that lets you customize everything is designed to keep you comfortable, not strong. You'll swap every hard exercise for an easier variation and wonder why nothing changes. Rigid programs work because they don't let you quit the rep that matters."
39,"Why free workout plans on Instagram fail more people than paid programs that cost $200/month","Anyone who's tried free programs and quit will stop to understand why they couldn't stick with something that cost nothing",solution_aware,4,4,5,"Free plans fail because they lack built-in accountability checkpoints. Once you understand that paying creates commitment triggers, you'll know whether you need structure or just information.","I gave one client a free program and another the same exact program for $200. The paying client finished. The free one quit week two.","Free workout plans have a 90% quit rate within three weeks. Paid programs keep people going past six months. The difference isn't the exercises — it's the accountability tax.","Free programs fail because you haven't traded anything for them. Your brain reads zero cost as zero consequence, so quitting has no penalty.","The best workout plan is worthless if it's free. Not because free plans are bad — because your brain won't value what you didn't sacrifice for."
40,"Why hiring a trainer who's always been lean won't help you lose 50 pounds","People who've hired the wrong trainer and failed will stop to understand why credentials didn't matter",solution_aware,5,3,4,"Trainers who've never fought their own weight can't spot the mental blocks that sabotage your progress. Once you know to look for someone who's lived your struggle, you'll pick trainers who actually get it.","I watched a naturally lean trainer tell a 50-pound weight loss client to 'just eat less.' The client quit. She didn't need discipline — she needed someone who understood binge cycles.","Trainers who've always been lean miss the psychological warfare of weight loss. They program workouts fine, but they can't coach the voice that tells you to quit after one bad meal.","Naturally lean trainers see weight loss as a math problem. They can't identify the shame spiral that happens when you eat off-plan, because they've never experienced it.","The best credentials mean nothing if your trainer has never binged, hidden food, or felt disgusted in the mirror. You don't need someone who knows exercise science — you need someone who's fought your exact demons."
41,"Why gym memberships with childcare keep moms consistent but fancy equipment doesn't","Parents comparing gym options will stop to understand why the amenity list doesn't predict their attendance",solution_aware,4,4,3,"Equipment variety doesn't remove the barrier that stops you from going — logistics do. Once you identify your actual barrier, you'll know which gym features matter for you specifically.","I joined a gym with every machine imaginable. Went twice. Then switched to a basic gym with childcare. I've been going four times a week for eight months.","Gyms with childcare have 3x better retention for parents than gyms with premium equipment. The limiting factor isn't what you do at the gym — it's whether you can get there at all.","You're comparing squat racks and cable machines, but the real barrier is that you can't leave your house. Childcare removes the barrier. Equipment variety doesn't.","The worst gym with childcare will change your body faster than the best gym without it. You don't have a program problem — you have a logistics problem."
42,"Why nutrition coaching works for people who failed with meal plans but not the other way around","People who've tried both approaches and had opposite results will stop to understand why one method worked when the other didn't",solution_aware,4,5,4,"Meal plans teach compliance; nutrition coaching teaches decision-making. Once you know which skill you're missing, you'll pick the approach that builds what you actually lack.","When people follow my meal plans perfectly for two weeks then quit, I switch them to coaching where they make their own food choices. Eighty percent of them are still going six months later.","Meal plans work until your life changes. Nutrition coaching teaches you how to make decisions when the plan doesn't fit. One gives you fish; one teaches you to fish.","Meal plans fail because they don't prepare you for the moment your kid gets sick and you miss meal prep Sunday. Nutrition coaching assumes chaos and teaches you to navigate it.","If you've failed meal plans, you don't need a better meal plan — you need to stop following plans entirely. The structure you think you need is the exact thing preventing you from learning to eat like a normal person."
43,"Why in-person training builds strength faster but online programs build better long-term habits","People comparing modalities and trying to decide which investment is smarter will stop to understand the actual tradeoff",solution_aware,3,5,4,"In-person training optimizes your hour in the gym; online programs force you to own the other 23. Once you know which skill gap you have, you'll know which format fixes it.","I trained in person for a year and got strong. Then I switched to online and finally learned how to train myself. In person made me dependent; online made me capable.","In-person clients add weight to the bar faster because a trainer's watching. Online clients learn to program, adjust, and troubleshoot alone. One builds your body; one builds your competence.","In-person training hides your knowledge gaps because the trainer fills them in real-time. Online programs expose what you don't know, which forces you to actually learn it.","If you want to get strong fast, hire in-person training. If you want to still be training in five years when you can't afford a trainer anymore, go online now and struggle through the learning curve."
44,"Why trainers who let you skip exercises you hate create worse results than trainers who make you do them anyway","People evaluating whether a flexible or strict trainer is better will stop to understand why accommodation doesn't equal better service",solution_aware,3,4,4,"Flexibility feels good but prevents progress because you avoid your weaknesses forever. Once you see that discomfort is the signal, not the problem, you'll value trainers who push you into it.","I let a client swap out split squats for three months because she hated them. Her knee pain never improved. When I finally made her do them, it was gone in four weeks.","Trainers who let you skip exercises you hate are prioritizing your comfort over your results. The exercises you avoid are usually the exact ones fixing your weak points.","You hate certain exercises because they expose your weaknesses. Flexible trainers let you hide from them. Strict trainers force you to fix them, which is why their clients get better results.","The trainer who lets you swap every exercise you dislike isn't client-focused — they're conflict-avoidant. You don't need someone who makes training comfortable. You need someone who makes training effective."
45,"Why beginners make faster strength gains in my gym than people who've been lifting for years somewhere else","Anyone who's ever felt stuck in their training or wondered if switching gyms/coaches actually matters would stop to understand why location determines results",product_aware,4,4,4,"The difference isn't motivation or genetics—it's whether your program forces you to progress or lets you repeat the same weights forever. You'll see why structured progression beats random effort.","I've watched complete beginners add 10 pounds to their squat every week while experienced lifters who join us stay stuck at the same weight they've used for months. The beginners aren't more talented.","Beginners outpace experienced lifters in my gym because we remove the choice to stay comfortable. Most gyms let you pick weights based on how you feel—we pick them based on what you lifted last week.","Experienced lifters fail in most gyms because there's no forcing function for progression. They squat 135 because it feels hard, not because it's actually their limit. Beginners don't have that reference point to hide behind.","The experienced lifter who's been squatting 135 for two years isn't weak—they're undertrained. Strip away their ability to choose comfort and they add weight faster than someone who's never touched a barbell."
46,"Why I don't let clients skip leg day even when they only care about losing belly fat","Anyone trying to lose weight who hates leg training or doesn't understand why their trainer makes them do things they don't want would watch to see if there's actual reasoning or just trainer ego",product_aware,3,5,5,"Training your legs burns more calories and builds more muscle than any amount of ab work—but only if you actually load them heavy. You'll understand why the workouts you avoid create the results you want.","I had a client who wanted to skip squats and deadlifts for six months to focus on her arms and abs. I made her do them anyway. She lost 15 pounds and none of it came from her arms.","Your legs are 50% of your muscle mass. Skipping them to focus on abs is like trying to heat your house by only turning on the bathroom heater. The effort goes to the wrong place.","People skip leg day because it's hard and they can't see their legs in the mirror during their workout. But your legs determine your metabolic rate more than any other muscle group—and you can't spot-reduce fat by training abs.","You don't need to train abs to lose belly fat—you need to train legs. The muscles you can't see in the gym mirror burn more calories than the ones you can."
47,"Why I program the same four exercises for every single new client regardless of their goals","Anyone evaluating whether a trainer is actually customizing or just running a template would stop to see if there's logic behind repetition or if it's lazy coaching",product_aware,3,4,3,"Customization doesn't mean different exercises—it means different loading, tempo, and progression based on what you can actually do. You'll see why exercise variety is a distraction from building foundational strength.","Every new client gets a squat, hinge, push, and pull in their first month. Different weights, different reps, different rest times—but the same four movements. Nobody's bored and everyone gets stronger.","Customization isn't about giving you different exercises than the person next to you. It's about loading the same movements at the intensity your body can actually adapt to. Variety comes later, after you've built the base.","Trainers add exercise variety because clients get bored, not because variety builds strength faster. The first three months should feel repetitive—that's how your nervous system learns to recruit muscle efficiently.","A customized program doesn't mean I invent new exercises for you—it means I find the exact load where you fail at rep eight, not rep six or rep twelve. The movement stays the same. The stimulus changes."
48,"Why my nutrition clients eat more food than they did on their own and still lose weight faster","Anyone who's been stuck eating less and less while the scale won't budge would stop to understand how eating more could possibly work better than what they're already doing",product_aware,5,4,4,"Undereating slows your metabolism and makes you unconsciously move less throughout the day. You'll learn why strategic increases in the right foods let you burn more while eating more.","I added 400 calories to a client's daily intake—mostly protein and carbs around training. She lost 6 pounds in four weeks after being stuck at the same weight for five months eating 1200 calories.","When you undereat for months, your body downregulates output—you fidget less, you take the elevator, you sit more. Adding food back, especially around training, turns those systems back on. You burn more because you move more without noticing.","Most people plateau because they're eating too little, not too much. Your body adapts to low intake by making you tired, cold, and sedentary. The scale stops moving but it's not because you need to eat less—it's because you're barely moving anymore.","If you've been eating 1200 calories and the scale won't move, you don't need to eat less—you need to eat more and lift heavier. Your metabolism isn't broken, it's protecting you from starvation."
49,"Why I make clients repeat the same workout for four weeks before changing anything","Anyone who's used to switching workouts every week or gets bored easily would stop to see if there's a reason to repeat or if it's just outdated thinking",product_aware,3,5,4,"You can't measure progress if you change the test every week. Repetition lets you see whether you're actually getting stronger or just getting tired from novelty. You'll learn why boredom is a feature, not a bug.","I ran the same squat, bench, row, and press workout for six weeks straight. Week one I squatted 95 pounds for 8 reps. Week six I squatted 135 for 8. If I'd changed exercises in week two, I'd never know if I got stronger.","Changing your workout every week feels productive but it prevents progress. Strength builds through repeated exposure to the same stimulus at increasing loads. If the exercise changes, you can't track whether the weight went up because you're stronger or just because the new movement is easier.","Workout variety is a marketing tool, not a training principle. Your nervous system needs 3-4 weeks of the same movement to learn the motor pattern well enough to actually load it heavy. Switching sooner means you're always relearning instead of progressing.","The workout that bores you is the one that's actually working. If you're excited about a new exercise every session, you're chasing novelty instead of building strength."
50,"Why I charge more for online coaching than in-person training even though I'm not physically there","Anyone comparing pricing between in-person and online options who assumes in-person should cost more would stop to understand the logic behind reverse pricing",product_aware,2,3,3,"Online coaching requires you to execute without someone watching, which means the programming has to be clearer and the accountability has to be tighter. You'll see why independence requires more support, not less.","I used to charge less for online clients because I wasn't there in person. Then I realized they needed more detailed programs, more frequent check-ins, and more troubleshooting than people I could just correct in real-time. Now online costs more.","In-person training is easier to deliver—I see your form break down and fix it immediately. Online clients need video review, written cues that actually make sense, and program design that accounts for equipment they don't have. It takes more work, not less.","Online clients fail more often than in-person clients because they don't have someone correcting them in real-time. To get the same results remotely, the program has to be more precise, the communication has to be faster, and the accountability has to be stronger. That's why it costs more.","In-person training is the budget option—I just show up and tell you what to do. Online coaching means I have to design a program so clear you can execute it alone, then review your videos and rewrite cues until your form is clean. You're paying for clarity, not proximity."